<?xml version="1.0" encoding="UTF-8"?>
<Configuration status="WARN">
    <Appenders>
        <Console name="Console" target="SYSTEM_OUT">
            <PatternLayout pattern="%d{HH:mm:ss.SSS} [%t] %-5level %logger{36} - %msg%n"/>
        </Console>
    </Appenders>
    <Loggers>
        <!-- <Logger name="log4j.test.Log4jTest" level="trace">
            <AppenderRef ref="Console"/>
        </Logger> -->
        <Root level="all">
            <AppenderRef ref="Console"/>
        </Root>
    </Loggers>
</Configuration>