<?xml version='1.0' encoding='UTF-8'?>
<?artifactRepository version='1.1.0'?>
<repository name='file:/Users/ruperttagnipes/Documents/anaplan-mulesoft/target/update-site/ - artifacts' type='org.eclipse.equinox.p2.artifact.repository.simpleRepository' version='1'>
  <properties size='2'>
    <property name='p2.timestamp' value='1426700187888'/>
    <property name='p2.compressed' value='false'/>
  </properties>
  <mappings size='3'>
    <rule filter='(&amp; (classifier=osgi.bundle))' output='${repoUrl}/plugins/${id}_${version}.jar'/>
    <rule filter='(&amp; (classifier=binary))' output='${repoUrl}/binary/${id}_${version}'/>
    <rule filter='(&amp; (classifier=org.eclipse.update.feature))' output='${repoUrl}/features/${id}_${version}.jar'/>
  </mappings>
  <artifacts size='2'>
    <artifact classifier='osgi.bundle' id='org.mule.tooling.ui.contribution.anaplan.3.5.0' version='1.0.0.201503181036'>
      <properties size='3'>
        <property name='artifact.size' value='1466111'/>
        <property name='download.size' value='1466111'/>
        <property name='download.md5' value='cc0258715d09beda297cdae9316d83e2'/>
      </properties>
    </artifact>
    <artifact classifier='org.eclipse.update.feature' id='org.mule.tooling.ui.extension.anaplan-connector.3.5.0' version='1.0.0.201503181036'>
      <properties size='4'>
        <property name='artifact.size' value='4470'/>
        <property name='download.size' value='4470'/>
        <property name='download.md5' value='ff775e34944a72f08863df1f0cd8a6c5'/>
        <property name='download.contentType' value='application/zip'/>
      </properties>
    </artifact>
  </artifacts>
</repository>
