<?xml version='1.0' encoding='UTF-8'?>
<?artifactRepository version='1.1.0'?>
<repository name='file:/Users/spondonsaha/AnypointStudio/workspace/anaplan-connector/target/update-site/ - artifacts' type='org.eclipse.equinox.p2.artifact.repository.simpleRepository' version='1'>
  <properties size='2'>
    <property name='p2.timestamp' value='1421281273214'/>
    <property name='p2.compressed' value='false'/>
  </properties>
  <mappings size='3'>
    <rule filter='(&amp; (classifier=osgi.bundle))' output='${repoUrl}/plugins/${id}_${version}.jar'/>
    <rule filter='(&amp; (classifier=binary))' output='${repoUrl}/binary/${id}_${version}'/>
    <rule filter='(&amp; (classifier=org.eclipse.update.feature))' output='${repoUrl}/features/${id}_${version}.jar'/>
  </mappings>
  <artifacts size='2'>
    <artifact classifier='osgi.bundle' id='org.mule.tooling.ui.contribution.anaplan.3.5.0' version='1.0.0.201501141621'>
      <properties size='3'>
        <property name='artifact.size' value='1469140'/>
        <property name='download.size' value='1469140'/>
        <property name='download.md5' value='3cc13fc2b348631fc4dd5fdc951195ec'/>
      </properties>
    </artifact>
    <artifact classifier='org.eclipse.update.feature' id='org.mule.tooling.ui.extension.anaplan-connector.3.5.0' version='1.0.0.201501141621'>
      <properties size='4'>
        <property name='artifact.size' value='9859'/>
        <property name='download.size' value='9859'/>
        <property name='download.md5' value='ab5fc069d088deb87cbc558f556d14f3'/>
        <property name='download.contentType' value='application/zip'/>
      </properties>
    </artifact>
  </artifacts>
</repository>
