<?xml version='1.0' encoding='UTF-8'?>
<?artifactRepository version='1.1.0'?>
<repository name='file:/Users/spondonsaha/AnypointStudio/workspace/anaplan-connector/target/update-site/ - artifacts' type='org.eclipse.equinox.p2.artifact.repository.simpleRepository' version='1'>
  <properties size='2'>
    <property name='p2.timestamp' value='1421275695228'/>
    <property name='p2.compressed' value='false'/>
  </properties>
  <mappings size='3'>
    <rule filter='(&amp; (classifier=osgi.bundle))' output='${repoUrl}/plugins/${id}_${version}.jar'/>
    <rule filter='(&amp; (classifier=binary))' output='${repoUrl}/binary/${id}_${version}'/>
    <rule filter='(&amp; (classifier=org.eclipse.update.feature))' output='${repoUrl}/features/${id}_${version}.jar'/>
  </mappings>
  <artifacts size='2'>
    <artifact classifier='osgi.bundle' id='org.mule.tooling.ui.contribution.anaplan.3.5.0' version='1.0.0.201501141448'>
      <properties size='3'>
        <property name='artifact.size' value='1468223'/>
        <property name='download.size' value='1468223'/>
        <property name='download.md5' value='e66c4577a81b11385ba6b3e498a2926c'/>
      </properties>
    </artifact>
    <artifact classifier='org.eclipse.update.feature' id='org.mule.tooling.ui.extension.anaplan-connector.3.5.0' version='1.0.0.201501141448'>
      <properties size='4'>
        <property name='artifact.size' value='9858'/>
        <property name='download.size' value='9858'/>
        <property name='download.md5' value='ac021d3e5595a7a8d02d345ffdad4da8'/>
        <property name='download.contentType' value='application/zip'/>
      </properties>
    </artifact>
  </artifacts>
</repository>
